"meter_id","name","kec_name","des_name","log_time","power_usage","capacity","bulan","h","m","s"
24,R-1/TR -- 900 VA,KELUANG,SUMBER AGUNG,2021-08-24 23:09:30.000,0.15201150758665491132,0.9,8,23,9,30.000000
24,R-1/TR -- 900 VA,KELUANG,SUMBER AGUNG,2021-08-24 17:10:19.000,0.13598673300165837479,0.9,8,17,10,19.000000
24,R-1/TR -- 900 VA,KELUANG,SUMBER AGUNG,2021-08-24 14:09:25.000,0.18314679493108870324,0.9,8,14,9,25.000000
24,R-1/TR -- 900 VA,KELUANG,SUMBER AGUNG,2021-08-24 11:09:14.000,0.08324854315049486511,0.9,8,11,9,14.000000
24,R-1/TR -- 900 VA,KELUANG,SUMBER AGUNG,2021-08-24 08:09:03.000,0.32303422756706752767,0.9,8,8,9,3.000000
24,R-1/TR -- 900 VA,KELUANG,SUMBER AGUNG,2021-08-24 05:08:53.000,0.11656952539550374688,0.9,8,5,8,53.000000
24,R-1/TR -- 900 VA,KELUANG,SUMBER AGUNG,2021-08-24 02:08:44.000,0.11655874190564292236,0.9,8,2,8,44.000000
24,R-1/TR -- 900 VA,KELUANG,SUMBER AGUNG,2021-08-23 23:08:34.000,0.14321398834304746045,0.9,8,23,8,34.000000
24,R-1/TR -- 900 VA,KELUANG,SUMBER AGUNG,2021-08-23 20:08:25.000,0.18316373728029602085,0.9,8,20,8,25.000000
24,R-1/TR -- 900 VA,KELUANG,SUMBER AGUNG,2021-08-23 17:08:15.000,0.21315570358034970858,0.9,8,17,8,15.000000
24,R-1/TR -- 900 VA,KELUANG,SUMBER AGUNG,2021-08-23 14:08:06.000,0.17990005552470849328,0.9,8,14,8,6.000000
24,R-1/TR -- 900 VA,KELUANG,SUMBER AGUNG,2021-08-23 11:08:00.000,0.22643603736934603309,0.9,8,11,8,0.000000
24,R-1/TR -- 900 VA,KELUANG,SUMBER AGUNG,2021-08-23 08:07:49.000,0.18651124063280599500,0.9,8,8,7,49.000000
24,R-1/TR -- 900 VA,KELUANG,SUMBER AGUNG,2021-08-23 05:07:40.000,0.15652173913043478145,0.9,8,5,7,40.000000
24,R-1/TR -- 900 VA,KELUANG,SUMBER AGUNG,2021-08-23 02:07:30.000,0.19329753749305683846,0.9,8,2,7,30.000000
24,R-1/TR -- 900 VA,KELUANG,SUMBER AGUNG,2021-08-27 23:07:21.000,0.19317235636969192340,0.9,8,23,7,21.000000
24,R-1/TR -- 900 VA,KELUANG,SUMBER AGUNG,2021-08-27 20:07:12.000,0.24310823311748380949,0.9,8,20,7,12.000000
24,R-1/TR -- 900 VA,KELUANG,SUMBER AGUNG,2021-08-27 17:07:02.000,0.25990373935579415128,0.9,8,17,7,2.000000
24,R-1/TR -- 900 VA,KELUANG,SUMBER AGUNG,2021-08-27 14:06:58.000,0.15644937586685159327,0.9,8,14,6,58.000000
24,R-1/TR -- 900 VA,KELUANG,SUMBER AGUNG,2021-08-27 11:06:43.000,0.19650291423813488759,0.9,8,11,6,43.000000
24,R-1/TR -- 900 VA,KELUANG,SUMBER AGUNG,2021-08-27 08:06:34.000,0.20316402997502081599,0.9,8,8,6,34.000000
24,R-1/TR -- 900 VA,KELUANG,SUMBER AGUNG,2021-08-27 05:06:25.000,0.12987974098057354205,0.9,8,5,6,25.000000
24,R-1/TR -- 900 VA,KELUANG,SUMBER AGUNG,2021-08-27 02:06:15.000,0.12328767123287671279,0.9,8,2,6,15.000000
24,R-1/TR -- 900 VA,KELUANG,SUMBER AGUNG,2021-08-04 21:21:35.000,0.27308048103607770381,0.9,8,21,21,35.000000
24,R-1/TR -- 900 VA,KELUANG,SUMBER AGUNG,2021-08-04 18:21:25.000,0.25661914460285132003,0.9,8,18,21,25.000000
24,R-1/TR -- 900 VA,KELUANG,SUMBER AGUNG,2021-08-04 15:21:23.000,0.25628698224852071385,0.9,8,15,21,23.000000
24,R-1/TR -- 900 VA,KELUANG,SUMBER AGUNG,2021-08-04 12:21:07.000,0.26641998149861239396,0.9,8,12,21,7.000000
24,R-1/TR -- 900 VA,KELUANG,SUMBER AGUNG,2021-08-04 09:20:57.000,0.20152354570637119253,0.9,8,9,20,57.000000
24,R-1/TR -- 900 VA,KELUANG,SUMBER AGUNG,2021-08-04 04:32:09.000,0.17651956702747710241,0.9,8,4,32,9.000000
24,R-1/TR -- 900 VA,KELUANG,SUMBER AGUNG,2021-08-04 01:32:00.000,0.18316373728029602085,0.9,8,1,32,0.000000
2250,R-1/TR -- 900 VA,KELUANG,SUMBER AGUNG,2021-08-29 23:11:37.000,0.15319148936170212653,0.9,8,23,11,37.000000
2250,R-1/TR -- 900 VA,KELUANG,SUMBER AGUNG,2021-08-29 20:11:27.000,0.21981681931723563697,0.9,8,20,11,27.000000
2250,R-1/TR -- 900 VA,KELUANG,SUMBER AGUNG,2021-08-29 17:11:18.000,0.12657290895632864638,0.9,8,17,11,18.000000
2250,R-1/TR -- 900 VA,KELUANG,SUMBER AGUNG,2021-08-29 14:11:10.000,0.16322753770704173463,0.9,8,14,11,10.000000
2250,R-1/TR -- 900 VA,KELUANG,SUMBER AGUNG,2021-08-29 11:11:03.000,0.09655044853417183056,0.9,8,11,11,3.000000
2250,R-1/TR -- 900 VA,KELUANG,SUMBER AGUNG,2021-08-29 08:10:50.000,0.21646623496762257009,0.9,8,8,10,50.000000
2250,R-1/TR -- 900 VA,KELUANG,SUMBER AGUNG,2021-08-29 05:10:40.000,0.12993984266543266958,0.9,8,5,10,40.000000
2250,R-1/TR -- 900 VA,KELUANG,SUMBER AGUNG,2021-08-29 02:10:35.000,0.12651438083788032970,0.9,8,2,10,35.000000
175,R-1/TR -- 900 VA,KELUANG,DAWAS,2021-08-16 18:30:27.000,0.27865336193229506772,0.9,8,18,30,27.000000
175,R-1/TR -- 900 VA,KELUANG,DAWAS,2021-08-16 15:31:44.000,0.32423159399571121489,0.9,8,15,31,44.000000
175,R-1/TR -- 900 VA,KELUANG,DAWAS,2021-08-16 13:35:09.000,0.07509244334881957012,0.9,8,13,35,9.000000
175,R-1/TR -- 900 VA,KELUANG,DAWAS,2021-08-16 07:43:35.000,0.21315570358034970858,0.9,8,7,43,35.000000
175,R-1/TR -- 900 VA,KELUANG,DAWAS,2021-08-16 04:43:26.000,0.12323064113238967527,0.9,8,4,43,26.000000
175,R-1/TR -- 900 VA,KELUANG,DAWAS,2021-08-16 01:43:17.000,0.12989175686927560366,0.9,8,1,43,17.000000
2250,R-1/TR -- 900 VA,KELUANG,SUMBER AGUNG,2021-08-22 22:58:25.000,0.04898188983766538389,0.9,8,22,58,25.000000
2250,R-1/TR -- 900 VA,KELUANG,SUMBER AGUNG,2021-08-22 17:03:11.000,0.13291139240506329114,0.9,8,17,3,11.000000
2250,R-1/TR -- 900 VA,KELUANG,SUMBER AGUNG,2021-08-22 16:31:35.000,0.18644224544529732798,0.9,8,16,31,35.000000
2250,R-1/TR -- 900 VA,KELUANG,SUMBER AGUNG,2021-08-22 13:31:22.000,0.11323896752706078268,0.9,8,13,31,22.000000
2250,R-1/TR -- 900 VA,KELUANG,SUMBER AGUNG,2021-08-22 10:31:13.000,0.14321398834304746045,0.9,8,10,31,13.000000
2250,R-1/TR -- 900 VA,KELUANG,SUMBER AGUNG,2021-08-22 07:31:04.000,0.11322849213691026743,0.9,8,7,31,4.000000
2250,R-1/TR -- 900 VA,KELUANG,SUMBER AGUNG,2021-08-22 04:30:54.000,0.03330557868442964197,0.9,8,4,30,54.000000
2250,R-1/TR -- 900 VA,KELUANG,SUMBER AGUNG,2021-08-22 01:30:45.000,0.03330557868442964197,0.9,8,1,30,45.000000
24,R-1/TR -- 900 VA,KELUANG,SUMBER AGUNG,2021-08-30 23:11:08.000,0.18652849740932642625,0.9,8,23,11,8.000000
24,R-1/TR -- 900 VA,KELUANG,SUMBER AGUNG,2021-08-30 20:11:00.000,0.23975580427342521151,0.9,8,20,11,0.000000
24,R-1/TR -- 900 VA,KELUANG,SUMBER AGUNG,2021-08-30 17:10:49.000,0.19326175490559052274,0.9,8,17,10,49.000000
24,R-1/TR -- 900 VA,KELUANG,SUMBER AGUNG,2021-08-30 14:10:45.000,0.20972813020159053002,0.9,8,14,10,45.000000
24,R-1/TR -- 900 VA,KELUANG,SUMBER AGUNG,2021-08-30 11:10:31.000,0.20314523589269195039,0.9,8,11,10,31.000000
24,R-1/TR -- 900 VA,KELUANG,SUMBER AGUNG,2021-08-30 08:10:21.000,0.21249385145105755042,0.9,8,8,10,21.000000
24,R-1/TR -- 900 VA,KELUANG,SUMBER AGUNG,2021-08-30 05:10:12.000,0.18984179850124895920,0.9,8,5,10,12.000000
24,R-1/TR -- 900 VA,KELUANG,SUMBER AGUNG,2021-08-30 02:10:03.000,0.16182805768870575075,0.9,8,2,10,3.000000
175,R-1/TR -- 900 VA,KELUANG,DAWAS,2021-08-27 23:37:04.000,0.23980016652789342215,0.9,8,23,37,4.000000
175,R-1/TR -- 900 VA,KELUANG,DAWAS,2021-08-27 20:36:55.000,0.39296947271045328109,0.9,8,20,36,55.000000
175,R-1/TR -- 900 VA,KELUANG,DAWAS,2021-08-27 17:36:45.000,0.23980016652789342215,0.9,8,17,36,45.000000
175,R-1/TR -- 900 VA,KELUANG,DAWAS,2021-08-27 14:36:36.000,0.16660496112550907133,0.9,8,14,36,36.000000
175,R-1/TR -- 900 VA,KELUANG,DAWAS,2021-08-27 11:36:32.000,0.23966712898751733437,0.9,8,11,36,32.000000
175,R-1/TR -- 900 VA,KELUANG,DAWAS,2021-08-27 08:36:17.000,0.32972522897585345545,0.9,8,8,36,17.000000
175,R-1/TR -- 900 VA,KELUANG,DAWAS,2021-08-27 05:36:08.000,0.23649148778682457614,0.9,8,5,36,8.000000
175,R-1/TR -- 900 VA,KELUANG,DAWAS,2021-08-27 02:36:00.000,0.22980849292256452956,0.9,8,2,36,0.000000
2250,R-1/TR -- 900 VA,KELUANG,SUMBER AGUNG,2021-08-06 21:12:34.000,0.09653259361997225968,0.9,8,21,12,34.000000
2250,R-1/TR -- 900 VA,KELUANG,SUMBER AGUNG,2021-08-06 18:12:19.000,0.23466257668711656262,0.9,8,18,12,19.000000
2250,R-1/TR -- 900 VA,KELUANG,SUMBER AGUNG,2021-08-06 15:12:21.000,0.07651788189631272610,0.9,8,15,12,21.000000
2250,R-1/TR -- 900 VA,KELUANG,SUMBER AGUNG,2021-08-06 12:12:00.000,0.20982514571190674438,0.9,8,12,12,0.000000
2250,R-1/TR -- 900 VA,KELUANG,SUMBER AGUNG,2021-08-06 09:11:51.000,0.13666666666666666667,0.9,8,9,11,51.000000
2250,R-1/TR -- 900 VA,KELUANG,SUMBER AGUNG,2021-08-06 06:11:51.000,0.06655574043261231281,0.9,8,6,11,51.000000
2250,R-1/TR -- 900 VA,KELUANG,SUMBER AGUNG,2021-08-06 03:11:33.000,0.07993338884263114072,0.9,8,3,11,33.000000
2250,R-1/TR -- 900 VA,KELUANG,SUMBER AGUNG,2021-08-06 00:11:24.000,0.08784530386740331540,0.9,8,0,11,24.000000
2250,R-1/TR -- 900 VA,KELUANG,SUMBER AGUNG,2021-08-18 21:28:27.000,0.09991673605328892590,0.9,8,21,28,27.000000
2250,R-1/TR -- 900 VA,KELUANG,SUMBER AGUNG,2021-08-18 18:28:18.000,0.06995465901730360055,0.9,8,18,28,18.000000
2250,R-1/TR -- 900 VA,KELUANG,SUMBER AGUNG,2021-08-18 15:28:11.000,0.12332191463753356079,0.9,8,15,28,11.000000
2250,R-1/TR -- 900 VA,KELUANG,SUMBER AGUNG,2021-08-18 12:28:10.000,0.14318749421885116799,0.9,8,12,28,10.000000
2250,R-1/TR -- 900 VA,KELUANG,SUMBER AGUNG,2021-08-18 09:27:59.000,0.07322485207100591824,0.9,8,9,27,59.000000
2250,R-1/TR -- 900 VA,KELUANG,SUMBER AGUNG,2021-08-18 06:27:43.000,0.03330249768732654924,0.9,8,6,27,43.000000
2250,R-1/TR -- 900 VA,KELUANG,SUMBER AGUNG,2021-08-18 03:27:33.000,0.03330557868442964197,0.9,8,3,27,33.000000
2250,R-1/TR -- 900 VA,KELUANG,SUMBER AGUNG,2021-08-18 00:27:24.000,0.03330557868442964197,0.9,8,0,27,24.000000
175,R-1/TR -- 900 VA,KELUANG,DAWAS,2021-08-04 21:10:47.000,0.31970397779833487275,0.9,8,21,10,47.000000
175,R-1/TR -- 900 VA,KELUANG,DAWAS,2021-08-04 18:10:37.000,0.36303080766028309742,0.9,8,18,10,37.000000
175,R-1/TR -- 900 VA,KELUANG,DAWAS,2021-08-04 15:10:28.000,0.17650323774283071100,0.9,8,15,10,28.000000
175,R-1/TR -- 900 VA,KELUANG,DAWAS,2021-08-04 12:10:18.000,0.18652849740932642625,0.9,8,12,10,18.000000
175,R-1/TR -- 900 VA,KELUANG,DAWAS,2021-08-04 09:10:10.000,0.34301572617946345722,0.9,8,9,10,10.000000
175,R-1/TR -- 900 VA,KELUANG,DAWAS,2021-08-04 06:10:00.000,0.23644773358001849964,0.9,8,6,10,0.000000
175,R-1/TR -- 900 VA,KELUANG,DAWAS,2021-08-04 03:09:50.000,0.22647793505412156536,0.9,8,3,9,50.000000
175,R-1/TR -- 900 VA,KELUANG,DAWAS,2021-08-04 00:09:41.000,0.26321147616844053581,0.9,8,0,9,41.000000
175,R-1/TR -- 900 VA,KELUANG,DAWAS,2021-08-01 21:07:00.000,0.30971322849213690798,0.9,8,21,7,0.000000
175,R-1/TR -- 900 VA,KELUANG,DAWAS,2021-08-01 18:06:50.000,0.29977794226498889933,0.9,8,18,6,50.000000
175,R-1/TR -- 900 VA,KELUANG,DAWAS,2021-08-01 15:06:42.000,0.25640551290352418453,0.9,8,15,6,42.000000
175,R-1/TR -- 900 VA,KELUANG,DAWAS,2021-08-01 12:06:31.000,0.20982514571190674438,0.9,8,12,6,31.000000
175,R-1/TR -- 900 VA,KELUANG,DAWAS,2021-08-01 09:06:22.000,0.41628122109158186556,0.9,8,9,6,22.000000
175,R-1/TR -- 900 VA,KELUANG,DAWAS,2021-08-01 06:06:12.000,0.22314737718567860117,0.9,8,6,6,12.000000
175,R-1/TR -- 900 VA,KELUANG,DAWAS,2021-08-01 03:06:03.000,0.21646623496762257009,0.9,8,3,6,3.000000
175,R-1/TR -- 900 VA,KELUANG,DAWAS,2021-08-01 00:05:53.000,0.24313072439633638634,0.9,8,0,5,53.000000
2250,R-1/TR -- 900 VA,KELUANG,SUMBER AGUNG,2021-08-20 22:29:25.000,0.02997779422649888993,0.9,8,22,29,25.000000
2250,R-1/TR -- 900 VA,KELUANG,SUMBER AGUNG,2021-08-20 19:29:17.000,0.11651562788977251668,0.9,8,19,29,17.000000
2250,R-1/TR -- 900 VA,KELUANG,SUMBER AGUNG,2021-08-20 16:29:03.000,0.11988899167437557728,0.9,8,16,29,3.000000
2250,R-1/TR -- 900 VA,KELUANG,SUMBER AGUNG,2021-08-20 13:28:53.000,0.12989175686927560366,0.9,8,13,28,53.000000
2250,R-1/TR -- 900 VA,KELUANG,SUMBER AGUNG,2021-08-20 10:28:44.000,0.12658462107893032481,0.9,8,10,28,44.000000
2250,R-1/TR -- 900 VA,KELUANG,SUMBER AGUNG,2021-08-20 07:28:37.000,0.16652789342214820983,0.9,8,7,28,37.000000
2250,R-1/TR -- 900 VA,KELUANG,SUMBER AGUNG,2021-08-20 04:28:28.000,0.12664321421958896313,0.9,8,4,28,28.000000
2250,R-1/TR -- 900 VA,KELUANG,SUMBER AGUNG,2021-08-20 01:28:26.000,0.17631094612721090601,0.9,8,1,28,26.000000
24,R-1/TR -- 900 VA,KELUANG,SUMBER AGUNG,2021-08-28 23:08:37.000,0.23313905079100749376,0.9,8,23,8,37.000000
24,R-1/TR -- 900 VA,KELUANG,SUMBER AGUNG,2021-08-28 20:08:28.000,0.24643848288621646441,0.9,8,20,8,28.000000
24,R-1/TR -- 900 VA,KELUANG,SUMBER AGUNG,2021-08-28 17:08:18.000,0.26987505784359092913,0.9,8,17,8,18.000000
24,R-1/TR -- 900 VA,KELUANG,SUMBER AGUNG,2021-08-28 14:08:13.000,0.12323064113238967527,0.9,8,14,8,13.000000
24,R-1/TR -- 900 VA,KELUANG,SUMBER AGUNG,2021-08-28 11:08:04.000,0.24634732753837617812,0.9,8,11,8,4.000000
24,R-1/TR -- 900 VA,KELUANG,SUMBER AGUNG,2021-08-28 08:07:50.000,0.23644773358001849964,0.9,8,8,7,50.000000
24,R-1/TR -- 900 VA,KELUANG,SUMBER AGUNG,2021-08-28 05:07:40.000,0.15320566194837635304,0.9,8,5,7,40.000000
24,R-1/TR -- 900 VA,KELUANG,SUMBER AGUNG,2021-08-28 02:07:31.000,0.16984273820536540115,0.9,8,2,7,31.000000
175,R-1/TR -- 900 VA,KELUANG,DAWAS,2021-08-12 21:29:09.000,0.28143213988343047460,0.9,8,21,29,9.000000
175,R-1/TR -- 900 VA,KELUANG,DAWAS,2021-08-12 15:28:51.000,0.22978723404255318979,0.9,8,15,28,51.000000
175,R-1/TR -- 900 VA,KELUANG,DAWAS,2021-08-12 12:28:41.000,0.21315570358034970858,0.9,8,12,28,41.000000
175,R-1/TR -- 900 VA,KELUANG,DAWAS,2021-08-12 09:28:32.000,0.37968359700249791840,0.9,8,9,28,32.000000
175,R-1/TR -- 900 VA,KELUANG,DAWAS,2021-08-12 06:28:23.000,0.25975948196114708411,0.9,8,6,28,23.000000
175,R-1/TR -- 900 VA,KELUANG,DAWAS,2021-08-12 03:28:13.000,0.17655223466271861092,0.9,8,3,28,13.000000
175,R-1/TR -- 900 VA,KELUANG,DAWAS,2021-08-12 00:28:06.000,0.19315448658649398562,0.9,8,0,28,6.000000
2250,R-1/TR -- 900 VA,KELUANG,SUMBER AGUNG,2021-08-26 23:07:53.000,0.03663613655287260616,0.9,8,23,7,53.000000
2250,R-1/TR -- 900 VA,KELUANG,SUMBER AGUNG,2021-08-26 20:07:44.000,0.19317235636969192340,0.9,8,20,7,44.000000
2250,R-1/TR -- 900 VA,KELUANG,SUMBER AGUNG,2021-08-26 17:07:35.000,0.19315448658649398562,0.9,8,17,7,35.000000
2250,R-1/TR -- 900 VA,KELUANG,SUMBER AGUNG,2021-08-26 14:07:25.000,0.17325312355391022611,0.9,8,14,7,25.000000
2250,R-1/TR -- 900 VA,KELUANG,SUMBER AGUNG,2021-08-26 11:07:20.000,0.19643022287986682769,0.9,8,11,7,20.000000
2250,R-1/TR -- 900 VA,KELUANG,SUMBER AGUNG,2021-08-26 08:07:07.000,0.15331913711693361612,0.9,8,8,7,7.000000
2250,R-1/TR -- 900 VA,KELUANG,SUMBER AGUNG,2021-08-26 05:07:06.000,0.02329450915141430948,0.9,8,5,7,6.000000
2250,R-1/TR -- 900 VA,KELUANG,SUMBER AGUNG,2021-08-26 02:06:48.000,0.03073358131593389826,0.9,8,2,6,48.000000
24,R-1/TR -- 900 VA,KELUANG,SUMBER AGUNG,2021-08-26 23:06:11.000,0.19972260748959777864,0.9,8,23,6,11.000000
24,R-1/TR -- 900 VA,KELUANG,SUMBER AGUNG,2021-08-26 20:05:56.000,0.22647793505412156536,0.9,8,20,5,56.000000
24,R-1/TR -- 900 VA,KELUANG,SUMBER AGUNG,2021-08-26 17:05:47.000,0.19683069224353628023,0.9,8,17,5,47.000000
24,R-1/TR -- 900 VA,KELUANG,SUMBER AGUNG,2021-08-26 14:05:56.000,0.19619434694254572471,0.9,8,14,5,56.000000
24,R-1/TR -- 900 VA,KELUANG,SUMBER AGUNG,2021-08-26 11:05:30.000,0.24046757584191483574,0.9,8,11,5,30.000000
24,R-1/TR -- 900 VA,KELUANG,SUMBER AGUNG,2021-08-26 05:05:11.000,0.15707626328547454806,0.9,8,5,5,11.000000
24,R-1/TR -- 900 VA,KELUANG,SUMBER AGUNG,2021-08-31 22:58:05.000,0.17318900915903413822,0.9,8,22,58,5.000000
24,R-1/TR -- 900 VA,KELUANG,SUMBER AGUNG,2021-08-31 19:57:56.000,0.22645698427382053486,0.9,8,19,57,56.000000
24,R-1/TR -- 900 VA,KELUANG,SUMBER AGUNG,2021-08-31 16:57:46.000,0.18906287641532160852,0.9,8,16,57,46.000000
24,R-1/TR -- 900 VA,KELUANG,SUMBER AGUNG,2021-08-31 11:11:51.000,0.22639415518357532683,0.9,8,11,11,51.000000
24,R-1/TR -- 900 VA,KELUANG,SUMBER AGUNG,2021-08-31 08:11:38.000,0.30635463879382110360,0.9,8,8,11,38.000000
24,R-1/TR -- 900 VA,KELUANG,SUMBER AGUNG,2021-08-31 05:11:27.000,0.20323924109208699601,0.9,8,5,11,27.000000
24,R-1/TR -- 900 VA,KELUANG,SUMBER AGUNG,2021-08-31 02:11:22.000,0.17643795080451266811,0.9,8,2,11,22.000000
2250,R-1/TR -- 900 VA,KELUANG,SUMBER AGUNG,2021-08-05 18:09:24.000,0.06993524514338575341,0.9,8,18,9,24.000000
2250,R-1/TR -- 900 VA,KELUANG,SUMBER AGUNG,2021-08-05 15:09:14.000,0.13006021306160259428,0.9,8,15,9,14.000000
2250,R-1/TR -- 900 VA,KELUANG,SUMBER AGUNG,2021-08-05 12:09:19.000,0.11309248821953247671,0.9,8,12,9,19.000000
2250,R-1/TR -- 900 VA,KELUANG,SUMBER AGUNG,2021-08-05 09:08:56.000,0.13987696008140987043,0.9,8,9,8,56.000000
2250,R-1/TR -- 900 VA,KELUANG,SUMBER AGUNG,2021-08-05 03:08:37.000,0.10161021654636313216,0.9,8,3,8,37.000000
175,R-1/TR -- 900 VA,KELUANG,DAWAS,2021-08-09 22:20:43.000,0.30971322849213690798,0.9,8,22,20,43.000000
175,R-1/TR -- 900 VA,KELUANG,DAWAS,2021-08-09 19:20:33.000,0.27975392016281974086,0.9,8,19,20,33.000000
175,R-1/TR -- 900 VA,KELUANG,DAWAS,2021-08-09 13:20:14.000,0.16319733555370524563,0.9,8,13,20,14.000000
175,R-1/TR -- 900 VA,KELUANG,DAWAS,2021-08-09 10:20:05.000,0.26641998149861239396,0.9,8,10,20,5.000000
175,R-1/TR -- 900 VA,KELUANG,DAWAS,2021-08-09 07:19:55.000,0.27976686094920899251,0.9,8,7,19,55.000000
175,R-1/TR -- 900 VA,KELUANG,DAWAS,2021-08-09 04:19:46.000,0.23311748381128584471,0.9,8,4,19,46.000000
175,R-1/TR -- 900 VA,KELUANG,DAWAS,2021-08-09 01:19:36.000,0.22647793505412156536,0.9,8,1,19,36.000000
24,R-1/TR -- 900 VA,KELUANG,SUMBER AGUNG,2021-08-20 22:33:27.000,0.14654454621149042465,0.9,8,22,33,27.000000
24,R-1/TR -- 900 VA,KELUANG,SUMBER AGUNG,2021-08-20 19:33:18.000,0.16318223866790009130,0.9,8,19,33,18.000000
24,R-1/TR -- 900 VA,KELUANG,SUMBER AGUNG,2021-08-20 16:33:08.000,0.17651956702747710241,0.9,8,16,33,8.000000
24,R-1/TR -- 900 VA,KELUANG,SUMBER AGUNG,2021-08-20 13:32:59.000,0.16318223866790009130,0.9,8,13,32,59.000000
24,R-1/TR -- 900 VA,KELUANG,SUMBER AGUNG,2021-08-20 10:32:49.000,0.19923748616406346181,0.9,8,10,32,49.000000
24,R-1/TR -- 900 VA,KELUANG,SUMBER AGUNG,2021-08-20 07:34:13.000,0.77419354838709677429,0.9,8,7,34,13.000000
24,R-1/TR -- 900 VA,KELUANG,SUMBER AGUNG,2021-08-20 07:32:40.000,0.29002685433836466554,0.9,8,7,32,40.000000
24,R-1/TR -- 900 VA,KELUANG,SUMBER AGUNG,2021-08-20 04:32:41.000,0.13312378663215309334,0.9,8,4,32,41.000000
24,R-1/TR -- 900 VA,KELUANG,SUMBER AGUNG,2021-08-20 01:32:24.000,0.17765363128491620310,0.9,8,1,32,24.000000
175,R-1/TR -- 900 VA,KELUANG,DAWAS,2021-08-08 22:19:27.000,0.38634471273938384679,0.9,8,22,19,27.000000
175,R-1/TR -- 900 VA,KELUANG,DAWAS,2021-08-08 19:19:18.000,0.34967622571692876707,0.9,8,19,19,18.000000
175,R-1/TR -- 900 VA,KELUANG,DAWAS,2021-08-08 16:19:08.000,0.18658028690421101273,0.9,8,16,19,8.000000
175,R-1/TR -- 900 VA,KELUANG,DAWAS,2021-08-08 13:19:03.000,0.25966339929720732288,0.9,8,13,19,3.000000
175,R-1/TR -- 900 VA,KELUANG,DAWAS,2021-08-08 10:18:49.000,0.37631822386679000647,0.9,8,10,18,49.000000
175,R-1/TR -- 900 VA,KELUANG,DAWAS,2021-08-08 07:18:39.000,0.25978351373855120733,0.9,8,7,18,39.000000
175,R-1/TR -- 900 VA,KELUANG,DAWAS,2021-08-08 04:18:30.000,0.17651956702747710241,0.9,8,4,18,30.000000
175,R-1/TR -- 900 VA,KELUANG,DAWAS,2021-08-08 01:18:21.000,0.18649398704902867577,0.9,8,1,18,21.000000
175,R-1/TR -- 900 VA,KELUANG,DAWAS,2021-08-15 22:43:08.000,0.21646623496762257009,0.9,8,22,43,8.000000
175,R-1/TR -- 900 VA,KELUANG,DAWAS,2021-08-15 19:42:58.000,0.25928180158247109263,0.9,8,19,42,58.000000
175,R-1/TR -- 900 VA,KELUANG,DAWAS,2021-08-15 16:43:05.000,0.17140479822493412746,0.9,8,16,43,5.000000
175,R-1/TR -- 900 VA,KELUANG,DAWAS,2021-08-15 10:42:32.000,0.37635303913405495420,0.9,8,10,42,32.000000
175,R-1/TR -- 900 VA,KELUANG,DAWAS,2021-08-15 07:42:23.000,0.20170549145082596157,0.9,8,7,42,23.000000
2250,R-1/TR -- 900 VA,KELUANG,SUMBER AGUNG,2021-08-01 21:22:21.000,0.10697852760736196237,0.9,8,21,22,21.000000
2250,R-1/TR -- 900 VA,KELUANG,SUMBER AGUNG,2021-08-01 18:28:29.000,0.46753246753246753244,0.9,8,18,28,29.000000
2250,R-1/TR -- 900 VA,KELUANG,SUMBER AGUNG,2021-08-01 18:27:12.000,0.08444873740858286001,0.9,8,18,27,12.000000
2250,R-1/TR -- 900 VA,KELUANG,SUMBER AGUNG,2021-08-01 16:26:25.000,0.11322849213691026743,0.9,8,16,26,25.000000
2250,R-1/TR -- 900 VA,KELUANG,SUMBER AGUNG,2021-08-01 13:26:15.000,0.19983347210657785179,0.9,8,13,26,15.000000
2250,R-1/TR -- 900 VA,KELUANG,SUMBER AGUNG,2021-08-01 10:26:06.000,0.26977518734388009992,0.9,8,10,26,6.000000
2250,R-1/TR -- 900 VA,KELUANG,SUMBER AGUNG,2021-08-01 07:25:57.000,0.08325624421831637311,0.9,8,7,25,57.000000
2250,R-1/TR -- 900 VA,KELUANG,SUMBER AGUNG,2021-08-01 04:25:47.000,0.04662781015820149875,0.9,8,4,25,47.000000
2250,R-1/TR -- 900 VA,KELUANG,SUMBER AGUNG,2021-08-01 01:25:38.000,0.04995836802664446295,0.9,8,1,25,38.000000
2250,R-1/TR -- 900 VA,KELUANG,SUMBER AGUNG,2021-08-07 21:10:05.000,0.12979569196634926601,0.9,8,21,10,5.000000
2250,R-1/TR -- 900 VA,KELUANG,SUMBER AGUNG,2021-08-07 18:09:48.000,0.14997222736530271950,0.9,8,18,9,48.000000
2250,R-1/TR -- 900 VA,KELUANG,SUMBER AGUNG,2021-08-07 15:09:46.000,0.11290629157954761366,0.9,8,15,9,46.000000
2250,R-1/TR -- 900 VA,KELUANG,SUMBER AGUNG,2021-08-07 12:14:24.000,0.47161572052401746726,0.9,8,12,14,24.000000
2250,R-1/TR -- 900 VA,KELUANG,SUMBER AGUNG,2021-08-07 12:10:35.000,0.22311954174100854205,0.9,8,12,10,35.000000
2250,R-1/TR -- 900 VA,KELUANG,SUMBER AGUNG,2021-08-07 09:13:06.000,0.15319148936170212653,0.9,8,9,13,6.000000
2250,R-1/TR -- 900 VA,KELUANG,SUMBER AGUNG,2021-08-07 06:12:56.000,0.08659450457951706911,0.9,8,6,12,56.000000
2250,R-1/TR -- 900 VA,KELUANG,SUMBER AGUNG,2021-08-07 03:12:47.000,0.03330557868442964197,0.9,8,3,12,47.000000
2250,R-1/TR -- 900 VA,KELUANG,SUMBER AGUNG,2021-08-07 00:12:38.000,0.05997778600518326568,0.9,8,0,12,38.000000
24,R-1/TR -- 900 VA,KELUANG,SUMBER AGUNG,2021-08-29 23:12:05.000,0.27272727272727272725,0.9,8,23,12,5.000000
24,R-1/TR -- 900 VA,KELUANG,SUMBER AGUNG,2021-08-29 23:09:53.000,0.16652789342214820983,0.9,8,23,9,53.000000
24,R-1/TR -- 900 VA,KELUANG,SUMBER AGUNG,2021-08-29 20:09:44.000,0.19315448658649398562,0.9,8,20,9,44.000000
24,R-1/TR -- 900 VA,KELUANG,SUMBER AGUNG,2021-08-29 17:09:34.000,0.20316402997502081599,0.9,8,17,9,34.000000
24,R-1/TR -- 900 VA,KELUANG,SUMBER AGUNG,2021-08-29 14:09:25.000,0.19315448658649398562,0.9,8,14,9,25.000000
24,R-1/TR -- 900 VA,KELUANG,SUMBER AGUNG,2021-08-29 11:09:15.000,0.19983347210657785179,0.9,8,11,9,15.000000
24,R-1/TR -- 900 VA,KELUANG,SUMBER AGUNG,2021-08-29 08:09:06.000,0.23311748381128584471,0.9,8,8,9,6.000000
24,R-1/TR -- 900 VA,KELUANG,SUMBER AGUNG,2021-08-29 05:08:56.000,0.20649458784346378018,0.9,8,5,8,56.000000
24,R-1/TR -- 900 VA,KELUANG,SUMBER AGUNG,2021-08-29 02:08:47.000,0.20647548566142460532,0.9,8,2,8,47.000000
175,R-1/TR -- 900 VA,KELUANG,DAWAS,2021-08-03 21:09:36.000,0.30626965045311632955,0.9,8,21,9,36.000000
175,R-1/TR -- 900 VA,KELUANG,DAWAS,2021-08-03 18:09:22.000,0.24643848288621646441,0.9,8,18,9,22.000000
175,R-1/TR -- 900 VA,KELUANG,DAWAS,2021-08-03 15:09:12.000,0.18651124063280599500,0.9,8,15,9,12.000000
175,R-1/TR -- 900 VA,KELUANG,DAWAS,2021-08-03 12:09:03.000,0.18316373728029602085,0.9,8,12,9,3.000000
175,R-1/TR -- 900 VA,KELUANG,DAWAS,2021-08-03 09:08:53.000,0.30974188176519567027,0.9,8,9,8,53.000000
175,R-1/TR -- 900 VA,KELUANG,DAWAS,2021-08-03 06:08:44.000,0.19315448658649398562,0.9,8,6,8,44.000000
175,R-1/TR -- 900 VA,KELUANG,DAWAS,2021-08-03 03:08:34.000,0.18651124063280599500,0.9,8,3,8,34.000000
175,R-1/TR -- 900 VA,KELUANG,DAWAS,2021-08-03 00:08:25.000,0.20647548566142460532,0.9,8,0,8,25.000000
2250,R-1/TR -- 900 VA,KELUANG,SUMBER AGUNG,2021-08-12 21:50:21.000,0.05666142023886677118,0.9,8,21,50,21.000000
2250,R-1/TR -- 900 VA,KELUANG,SUMBER AGUNG,2021-08-12 18:50:20.000,0.19317235636969192340,0.9,8,18,50,20.000000
2250,R-1/TR -- 900 VA,KELUANG,SUMBER AGUNG,2021-08-12 15:50:11.000,0.07538549400342661422,0.9,8,15,50,11.000000
2250,R-1/TR -- 900 VA,KELUANG,SUMBER AGUNG,2021-08-12 12:51:16.000,0.04968944099378881988,0.9,8,12,51,16.000000
2250,R-1/TR -- 900 VA,KELUANG,SUMBER AGUNG,2021-08-12 07:37:19.000,0.08327935597298047685,0.9,8,7,37,19.000000
2250,R-1/TR -- 900 VA,KELUANG,SUMBER AGUNG,2021-08-12 04:37:12.000,0.03330557868442964197,0.9,8,4,37,12.000000
2250,R-1/TR -- 900 VA,KELUANG,SUMBER AGUNG,2021-08-12 01:37:03.000,0.03996669442131557036,0.9,8,1,37,3.000000
175,R-1/TR -- 900 VA,KELUANG,DAWAS,2021-08-29 21:59:11.000,0.27974098057354301366,0.9,8,21,59,11.000000
175,R-1/TR -- 900 VA,KELUANG,DAWAS,2021-08-29 18:59:01.000,0.31640299750208159867,0.9,8,18,59,1.000000
175,R-1/TR -- 900 VA,KELUANG,DAWAS,2021-08-29 15:58:52.000,0.20647548566142460532,0.9,8,15,58,52.000000
175,R-1/TR -- 900 VA,KELUANG,DAWAS,2021-08-29 12:58:42.000,0.22980849292256452956,0.9,8,12,58,42.000000
175,R-1/TR -- 900 VA,KELUANG,DAWAS,2021-08-29 09:58:33.000,0.73054623130912418113,0.9,8,9,58,33.000000
175,R-1/TR -- 900 VA,KELUANG,DAWAS,2021-08-29 06:58:24.000,0.27310574521232306411,0.9,8,6,58,24.000000
175,R-1/TR -- 900 VA,KELUANG,DAWAS,2021-08-29 03:58:15.000,0.21658644946316179273,0.9,8,3,58,15.000000
175,R-1/TR -- 900 VA,KELUANG,DAWAS,2021-08-29 00:58:11.000,0.22306482937205216026,0.9,8,0,58,11.000000
175,R-1/TR -- 900 VA,KELUANG,DAWAS,2021-08-17 22:27:38.000,0.29308909242298084929,0.9,8,22,27,38.000000
175,R-1/TR -- 900 VA,KELUANG,DAWAS,2021-08-17 19:27:29.000,0.39296947271045328109,0.9,8,19,27,29.000000
175,R-1/TR -- 900 VA,KELUANG,DAWAS,2021-08-17 16:27:19.000,0.17096563925877641984,0.9,8,16,27,19.000000
175,R-1/TR -- 900 VA,KELUANG,DAWAS,2021-08-17 13:28:20.000,0.51428571428571428583,0.9,8,13,28,20.000000
175,R-1/TR -- 900 VA,KELUANG,DAWAS,2021-08-17 13:27:10.000,0.21613222206526345407,0.9,8,13,27,10.000000
175,R-1/TR -- 900 VA,KELUANG,DAWAS,2021-08-17 09:31:12.000,0.42698295033358042678,0.9,8,9,31,12.000000
175,R-1/TR -- 900 VA,KELUANG,DAWAS,2021-08-17 06:31:20.000,0.21949191685912240509,0.9,8,6,31,20.000000
175,R-1/TR -- 900 VA,KELUANG,DAWAS,2021-08-17 03:30:55.000,0.17318900915903413822,0.9,8,3,30,55.000000
175,R-1/TR -- 900 VA,KELUANG,DAWAS,2021-08-17 00:30:46.000,0.23479346870808085393,0.9,8,0,30,46.000000
2250,R-1/TR -- 900 VA,KELUANG,SUMBER AGUNG,2021-08-16 21:02:30.000,0.08332561799833348702,0.9,8,21,2,30.000000
2250,R-1/TR -- 900 VA,KELUANG,SUMBER AGUNG,2021-08-16 18:02:29.000,0.18358282612271755344,0.9,8,18,2,29.000000
2250,R-1/TR -- 900 VA,KELUANG,SUMBER AGUNG,2021-08-16 14:39:51.000,0.13990931803460720111,0.9,8,14,39,51.000000
2250,R-1/TR -- 900 VA,KELUANG,SUMBER AGUNG,2021-08-16 11:39:44.000,0.13329630658150513894,0.9,8,11,39,44.000000
2250,R-1/TR -- 900 VA,KELUANG,SUMBER AGUNG,2021-08-16 08:39:41.000,0.04003336113427856547,0.9,8,8,39,41.000000
24,R-1/TR -- 900 VA,KELUANG,SUMBER AGUNG,2021-08-22 23:07:28.000,0.22298234260885643134,0.9,8,23,7,28.000000
24,R-1/TR -- 900 VA,KELUANG,SUMBER AGUNG,2021-08-22 20:07:11.000,0.22481125920402646864,0.9,8,20,7,11.000000
24,R-1/TR -- 900 VA,KELUANG,SUMBER AGUNG,2021-08-22 17:08:22.000,0.20183486238532110092,0.9,8,17,8,22.000000
24,R-1/TR -- 900 VA,KELUANG,SUMBER AGUNG,2021-08-22 16:35:40.000,0.45961698584512905912,0.9,8,16,35,40.000000
24,R-1/TR -- 900 VA,KELUANG,SUMBER AGUNG,2021-08-22 13:35:31.000,0.07327227310574521232,0.9,8,13,35,31.000000
24,R-1/TR -- 900 VA,KELUANG,SUMBER AGUNG,2021-08-22 10:35:22.000,0.29652938454419250237,0.9,8,10,35,22.000000
24,R-1/TR -- 900 VA,KELUANG,SUMBER AGUNG,2021-08-22 07:35:17.000,0.21303744798890429722,0.9,8,7,35,17.000000
24,R-1/TR -- 900 VA,KELUANG,SUMBER AGUNG,2021-08-22 04:35:02.000,0.17651956702747710241,0.9,8,4,35,2.000000
24,R-1/TR -- 900 VA,KELUANG,SUMBER AGUNG,2021-08-22 01:34:53.000,0.19315448658649398562,0.9,8,1,34,53.000000
24,R-1/TR -- 900 VA,KELUANG,SUMBER AGUNG,2021-08-25 21:38:16.000,0.08959681433549029457,0.9,8,21,38,16.000000
24,R-1/TR -- 900 VA,KELUANG,SUMBER AGUNG,2021-08-25 17:10:24.000,0.20649458784346378018,0.9,8,17,10,24.000000
24,R-1/TR -- 900 VA,KELUANG,SUMBER AGUNG,2021-08-25 14:10:15.000,0.17985012489592006661,0.9,8,14,10,15.000000
24,R-1/TR -- 900 VA,KELUANG,SUMBER AGUNG,2021-08-25 11:10:06.000,0.16000000000000000000,0.9,8,11,10,6.000000
24,R-1/TR -- 900 VA,KELUANG,SUMBER AGUNG,2021-08-25 08:10:06.000,0.19301164725457570715,0.9,8,8,10,6.000000
24,R-1/TR -- 900 VA,KELUANG,SUMBER AGUNG,2021-08-25 05:09:48.000,0.19317235636969192340,0.9,8,5,9,48.000000
24,R-1/TR -- 900 VA,KELUANG,SUMBER AGUNG,2021-08-25 02:09:39.000,0.12656119900083263947,0.9,8,2,9,39.000000
175,R-1/TR -- 900 VA,KELUANG,DAWAS,2021-08-20 23:04:37.000,0.24313072439633638634,0.9,8,23,4,37.000000
175,R-1/TR -- 900 VA,KELUANG,DAWAS,2021-08-20 20:04:28.000,0.25645295587010824313,0.9,8,20,4,28.000000
175,R-1/TR -- 900 VA,KELUANG,DAWAS,2021-08-20 17:04:19.000,0.19317235636969192340,0.9,8,17,4,19.000000
175,R-1/TR -- 900 VA,KELUANG,DAWAS,2021-08-20 14:04:10.000,0.20655191560244308488,0.9,8,14,4,10.000000
175,R-1/TR -- 900 VA,KELUANG,DAWAS,2021-08-20 11:04:04.000,0.33959123277536299025,0.9,8,11,4,4.000000
175,R-1/TR -- 900 VA,KELUANG,DAWAS,2021-08-20 08:03:51.000,0.29311621021465581268,0.9,8,8,3,51.000000
175,R-1/TR -- 900 VA,KELUANG,DAWAS,2021-08-20 05:03:43.000,0.22647793505412156536,0.9,8,5,3,43.000000
175,R-1/TR -- 900 VA,KELUANG,DAWAS,2021-08-20 02:03:34.000,0.22978723404255318979,0.9,8,2,3,34.000000
24,R-1/TR -- 900 VA,KELUANG,SUMBER AGUNG,2021-08-01 21:19:28.000,0.23501014866421635907,0.9,8,21,19,28.000000
24,R-1/TR -- 900 VA,KELUANG,SUMBER AGUNG,2021-08-01 16:15:39.000,0.24328827994815774496,0.9,8,16,15,39.000000
24,R-1/TR -- 900 VA,KELUANG,SUMBER AGUNG,2021-08-01 13:15:37.000,0.15974854395858371201,0.9,8,13,15,37.000000
24,R-1/TR -- 900 VA,KELUANG,SUMBER AGUNG,2021-08-01 10:15:20.000,0.16984273820536540115,0.9,8,10,15,20.000000
24,R-1/TR -- 900 VA,KELUANG,SUMBER AGUNG,2021-08-01 07:15:10.000,0.20649458784346378018,0.9,8,7,15,10.000000
24,R-1/TR -- 900 VA,KELUANG,SUMBER AGUNG,2021-08-01 04:15:01.000,0.17985012489592006661,0.9,8,4,15,1.000000
24,R-1/TR -- 900 VA,KELUANG,SUMBER AGUNG,2021-08-01 01:14:52.000,0.16984273820536540115,0.9,8,1,14,52.000000
175,R-1/TR -- 900 VA,KELUANG,DAWAS,2021-08-31 22:01:42.000,0.29975020815986677769,0.9,8,22,1,42.000000
175,R-1/TR -- 900 VA,KELUANG,DAWAS,2021-08-31 19:01:33.000,0.36965772432932469662,0.9,8,19,1,33.000000
175,R-1/TR -- 900 VA,KELUANG,DAWAS,2021-08-31 16:01:23.000,0.16985845129059117402,0.9,8,16,1,23.000000
175,R-1/TR -- 900 VA,KELUANG,DAWAS,2021-08-31 13:01:14.000,0.15985198889916743637,0.9,8,13,1,14.000000
175,R-1/TR -- 900 VA,KELUANG,DAWAS,2021-08-31 10:01:04.000,0.33305578684429641965,0.9,8,10,1,4.000000
175,R-1/TR -- 900 VA,KELUANG,DAWAS,2021-08-31 07:00:55.000,0.28307123034227566858,0.9,8,7,0,55.000000
175,R-1/TR -- 900 VA,KELUANG,DAWAS,2021-08-31 04:00:45.000,0.21648626144879267277,0.9,8,4,0,45.000000
175,R-1/TR -- 900 VA,KELUANG,DAWAS,2021-08-31 01:00:36.000,0.22645698427382053486,0.9,8,1,0,36.000000
24,R-1/TR -- 900 VA,KELUANG,SUMBER AGUNG,2021-08-02 21:20:41.000,0.25650041639677986870,0.9,8,21,20,41.000000
24,R-1/TR -- 900 VA,KELUANG,SUMBER AGUNG,2021-08-02 18:20:34.000,0.21979648473635522502,0.9,8,18,20,34.000000
24,R-1/TR -- 900 VA,KELUANG,SUMBER AGUNG,2021-08-02 15:20:24.000,0.21314584393357694542,0.9,8,15,20,24.000000
24,R-1/TR -- 900 VA,KELUANG,SUMBER AGUNG,2021-08-02 09:20:05.000,0.21981681931723563697,0.9,8,9,20,5.000000
24,R-1/TR -- 900 VA,KELUANG,SUMBER AGUNG,2021-08-02 06:19:56.000,0.20647548566142460532,0.9,8,6,19,56.000000
24,R-1/TR -- 900 VA,KELUANG,SUMBER AGUNG,2021-08-02 03:19:46.000,0.19650291423813488759,0.9,8,3,19,46.000000
24,R-1/TR -- 900 VA,KELUANG,SUMBER AGUNG,2021-08-02 00:19:37.000,0.22980849292256452956,0.9,8,0,19,37.000000
2250,R-1/TR -- 900 VA,KELUANG,SUMBER AGUNG,2021-08-28 23:10:22.000,0.13655287260616153206,0.9,8,23,10,22.000000
2250,R-1/TR -- 900 VA,KELUANG,SUMBER AGUNG,2021-08-28 20:10:13.000,0.15652173913043478145,0.9,8,20,10,13.000000
2250,R-1/TR -- 900 VA,KELUANG,SUMBER AGUNG,2021-08-28 17:10:03.000,0.17318900915903413822,0.9,8,17,10,3.000000
2250,R-1/TR -- 900 VA,KELUANG,SUMBER AGUNG,2021-08-28 14:09:54.000,0.18659755646057015989,0.9,8,14,9,54.000000
2250,R-1/TR -- 900 VA,KELUANG,SUMBER AGUNG,2021-08-28 11:09:50.000,0.14979195561719833398,0.9,8,11,9,50.000000
2250,R-1/TR -- 900 VA,KELUANG,SUMBER AGUNG,2021-08-28 08:09:35.000,0.17651956702747710241,0.9,8,8,9,35.000000
2250,R-1/TR -- 900 VA,KELUANG,SUMBER AGUNG,2021-08-28 05:09:26.000,0.09325562031640299750,0.9,8,5,9,26.000000
2250,R-1/TR -- 900 VA,KELUANG,SUMBER AGUNG,2021-08-28 02:09:17.000,0.08661053021189969592,0.9,8,2,9,17.000000
175,R-1/TR -- 900 VA,KELUANG,DAWAS,2021-08-06 22:16:56.000,0.34634597594819611215,0.9,8,22,16,56.000000
175,R-1/TR -- 900 VA,KELUANG,DAWAS,2021-08-06 19:16:46.000,0.27310574521232306411,0.9,8,19,16,46.000000
175,R-1/TR -- 900 VA,KELUANG,DAWAS,2021-08-06 16:16:37.000,0.17318900915903413822,0.9,8,16,16,37.000000
175,R-1/TR -- 900 VA,KELUANG,DAWAS,2021-08-06 13:16:28.000,0.17653589933382679627,0.9,8,13,16,28.000000
175,R-1/TR -- 900 VA,KELUANG,DAWAS,2021-08-06 10:16:20.000,0.28975853455453788510,0.9,8,10,16,20.000000
175,R-1/TR -- 900 VA,KELUANG,DAWAS,2021-08-06 07:16:11.000,0.30305272895467159813,0.9,8,7,16,11.000000
175,R-1/TR -- 900 VA,KELUANG,DAWAS,2021-08-06 04:16:01.000,0.22157978177748764421,0.9,8,4,16,1.000000
175,R-1/TR -- 900 VA,KELUANG,DAWAS,2021-08-06 01:17:18.000,0.45000000000000000005,0.9,8,1,17,18.000000
175,R-1/TR -- 900 VA,KELUANG,DAWAS,2021-08-06 01:15:58.000,0.22635228848821081580,0.9,8,1,15,58.000000
24,R-1/TR -- 900 VA,KELUANG,SUMBER AGUNG,2021-08-08 23:48:15.000,0.11370058845041390973,0.9,8,23,48,15.000000
24,R-1/TR -- 900 VA,KELUANG,SUMBER AGUNG,2021-08-08 15:26:56.000,0.19683069224353628023,0.9,8,15,26,56.000000
24,R-1/TR -- 900 VA,KELUANG,SUMBER AGUNG,2021-08-08 12:27:05.000,0.17856808610201216391,0.9,8,12,27,5.000000
24,R-1/TR -- 900 VA,KELUANG,SUMBER AGUNG,2021-08-08 09:26:40.000,0.17697107203630175837,0.9,8,9,26,40.000000
24,R-1/TR -- 900 VA,KELUANG,SUMBER AGUNG,2021-08-08 00:37:46.000,0.19653928009623392537,0.9,8,0,37,46.000000
24,R-1/TR -- 900 VA,KELUANG,SUMBER AGUNG,2021-08-03 22:31:50.000,0.26644462947543713572,0.9,8,22,31,50.000000
24,R-1/TR -- 900 VA,KELUANG,SUMBER AGUNG,2021-08-03 19:31:41.000,0.24643848288621646441,0.9,8,19,31,41.000000
24,R-1/TR -- 900 VA,KELUANG,SUMBER AGUNG,2021-08-03 16:31:31.000,0.25678554886521537844,0.9,8,16,31,31.000000
24,R-1/TR -- 900 VA,KELUANG,SUMBER AGUNG,2021-08-03 13:31:36.000,0.33299417260197946043,0.9,8,13,31,36.000000
24,R-1/TR -- 900 VA,KELUANG,SUMBER AGUNG,2021-08-03 10:31:25.000,0.16302610548748002174,0.9,8,10,31,25.000000
24,R-1/TR -- 900 VA,KELUANG,SUMBER AGUNG,2021-08-03 06:21:09.000,0.18318068276436303081,0.9,8,6,21,9.000000
24,R-1/TR -- 900 VA,KELUANG,SUMBER AGUNG,2021-08-03 03:21:00.000,0.18984179850124895920,0.9,8,3,21,0.000000
24,R-1/TR -- 900 VA,KELUANG,SUMBER AGUNG,2021-08-03 00:20:51.000,0.22645698427382053486,0.9,8,0,20,51.000000
2250,R-1/TR -- 900 VA,KELUANG,SUMBER AGUNG,2021-08-04 21:08:25.000,0.19628252788104088927,0.9,8,21,8,25.000000
2250,R-1/TR -- 900 VA,KELUANG,SUMBER AGUNG,2021-08-04 18:08:09.000,0.15985198889916743637,0.9,8,18,8,9.000000
2250,R-1/TR -- 900 VA,KELUANG,SUMBER AGUNG,2021-08-04 15:07:59.000,0.21492537313432835661,0.9,8,15,7,59.000000
2250,R-1/TR -- 900 VA,KELUANG,SUMBER AGUNG,2021-08-04 12:07:56.000,0.14479368389691643059,0.9,8,12,7,56.000000
2250,R-1/TR -- 900 VA,KELUANG,SUMBER AGUNG,2021-08-04 04:40:24.000,0.06661732050333086652,0.9,8,4,40,24.000000
2250,R-1/TR -- 900 VA,KELUANG,SUMBER AGUNG,2021-08-04 01:40:16.000,0.07658865969845527590,0.9,8,1,40,16.000000
2250,R-1/TR -- 900 VA,KELUANG,SUMBER AGUNG,2021-08-13 21:47:48.000,0.08659450457951706911,0.9,8,21,47,48.000000
2250,R-1/TR -- 900 VA,KELUANG,SUMBER AGUNG,2021-08-13 18:47:39.000,0.15320566194837635304,0.9,8,18,47,39.000000
2250,R-1/TR -- 900 VA,KELUANG,SUMBER AGUNG,2021-08-13 15:47:30.000,0.18318068276436303081,0.9,8,15,47,30.000000
2250,R-1/TR -- 900 VA,KELUANG,SUMBER AGUNG,2021-08-13 12:47:21.000,0.25316924215786064963,0.9,8,12,47,21.000000
2250,R-1/TR -- 900 VA,KELUANG,SUMBER AGUNG,2021-08-13 09:47:14.000,0.04284014280047600023,0.9,8,9,47,14.000000
2250,R-1/TR -- 900 VA,KELUANG,SUMBER AGUNG,2021-08-13 03:50:38.000,0.04329725228975853455,0.9,8,3,50,38.000000
2250,R-1/TR -- 900 VA,KELUANG,SUMBER AGUNG,2021-08-13 00:50:29.000,0.04996299037749814989,0.9,8,0,50,29.000000
175,R-1/TR -- 900 VA,KELUANG,DAWAS,2021-08-23 23:08:24.000,0.23982235381199111947,0.9,8,23,8,24.000000
175,R-1/TR -- 900 VA,KELUANG,DAWAS,2021-08-23 20:08:16.000,0.30302469706780130899,0.9,8,20,8,16.000000
175,R-1/TR -- 900 VA,KELUANG,DAWAS,2021-08-23 17:08:05.000,0.30974188176519567027,0.9,8,17,8,5.000000
175,R-1/TR -- 900 VA,KELUANG,DAWAS,2021-08-23 14:07:56.000,0.15652173913043478145,0.9,8,14,7,56.000000
175,R-1/TR -- 900 VA,KELUANG,DAWAS,2021-08-23 11:07:46.000,0.25312239800166527893,0.9,8,11,7,46.000000
175,R-1/TR -- 900 VA,KELUANG,DAWAS,2021-08-23 08:07:37.000,0.27643630308076602831,0.9,8,8,7,37.000000
175,R-1/TR -- 900 VA,KELUANG,DAWAS,2021-08-23 05:07:28.000,0.17983348751156336592,0.9,8,5,7,28.000000
175,R-1/TR -- 900 VA,KELUANG,DAWAS,2021-08-23 02:07:18.000,0.17985012489592006661,0.9,8,2,7,18.000000
2250,R-1/TR -- 900 VA,KELUANG,SUMBER AGUNG,2021-08-27 23:09:10.000,0.13984461709211986837,0.9,8,23,9,10.000000
2250,R-1/TR -- 900 VA,KELUANG,SUMBER AGUNG,2021-08-27 20:08:58.000,0.09325562031640299750,0.9,8,20,8,58.000000
2250,R-1/TR -- 900 VA,KELUANG,SUMBER AGUNG,2021-08-27 17:08:49.000,0.07993338884263114072,0.9,8,17,8,49.000000
2250,R-1/TR -- 900 VA,KELUANG,SUMBER AGUNG,2021-08-27 14:08:40.000,0.20980573543015726024,0.9,8,14,8,40.000000
2250,R-1/TR -- 900 VA,KELUANG,SUMBER AGUNG,2021-08-27 11:08:30.000,0.18984179850124895920,0.9,8,11,8,30.000000
2250,R-1/TR -- 900 VA,KELUANG,SUMBER AGUNG,2021-08-27 08:08:21.000,0.11655874190564292236,0.9,8,8,8,21.000000
2250,R-1/TR -- 900 VA,KELUANG,SUMBER AGUNG,2021-08-27 05:08:11.000,0.03330557868442964197,0.9,8,5,8,11.000000
2250,R-1/TR -- 900 VA,KELUANG,SUMBER AGUNG,2021-08-27 02:08:02.000,0.03330557868442964197,0.9,8,2,8,2.000000
24,R-1/TR -- 900 VA,KELUANG,SUMBER AGUNG,2021-08-09 23:49:21.000,0.13320999074930619698,0.9,8,23,49,21.000000
24,R-1/TR -- 900 VA,KELUANG,SUMBER AGUNG,2021-08-09 20:49:11.000,0.16319733555370524563,0.9,8,20,49,11.000000
24,R-1/TR -- 900 VA,KELUANG,SUMBER AGUNG,2021-08-09 17:49:02.000,0.22316802368615840284,0.9,8,17,49,2.000000
24,R-1/TR -- 900 VA,KELUANG,SUMBER AGUNG,2021-08-09 14:48:54.000,0.25640551290352418453,0.9,8,14,48,54.000000
24,R-1/TR -- 900 VA,KELUANG,SUMBER AGUNG,2021-08-09 11:48:43.000,0.16319733555370524563,0.9,8,11,48,43.000000
24,R-1/TR -- 900 VA,KELUANG,SUMBER AGUNG,2021-08-09 08:48:34.000,0.27350917431192660237,0.9,8,8,48,34.000000
24,R-1/TR -- 900 VA,KELUANG,SUMBER AGUNG,2021-08-09 05:48:34.000,0.14643616529536840267,0.9,8,5,48,34.000000
24,R-1/TR -- 900 VA,KELUANG,SUMBER AGUNG,2021-08-09 02:48:17.000,0.14547504933746828470,0.9,8,2,48,17.000000
2250,R-1/TR -- 900 VA,KELUANG,SUMBER AGUNG,2021-08-17 21:27:15.000,0.08325624421831637311,0.9,8,21,27,15.000000
2250,R-1/TR -- 900 VA,KELUANG,SUMBER AGUNG,2021-08-17 18:27:05.000,0.13654024051803885190,0.9,8,18,27,5.000000
2250,R-1/TR -- 900 VA,KELUANG,SUMBER AGUNG,2021-08-17 15:26:55.000,0.11990008326394671107,0.9,8,15,26,55.000000
2250,R-1/TR -- 900 VA,KELUANG,SUMBER AGUNG,2021-08-17 12:26:46.000,0.13322231473771856786,0.9,8,12,26,46.000000
2250,R-1/TR -- 900 VA,KELUANG,SUMBER AGUNG,2021-08-17 09:26:37.000,0.20563594821020563438,0.9,8,9,26,37.000000
2250,R-1/TR -- 900 VA,KELUANG,SUMBER AGUNG,2021-08-17 06:31:33.000,0.06290040768782760629,0.9,8,6,31,33.000000
2250,R-1/TR -- 900 VA,KELUANG,SUMBER AGUNG,2021-08-17 06:02:56.000,0.07661700749514203870,0.9,8,6,2,56.000000
2250,R-1/TR -- 900 VA,KELUANG,SUMBER AGUNG,2021-08-17 03:02:49.000,0.07993338884263114072,0.9,8,3,2,49.000000
2250,R-1/TR -- 900 VA,KELUANG,SUMBER AGUNG,2021-08-17 00:02:40.000,0.08658649398704902804,0.9,8,0,2,40.000000
175,R-1/TR -- 900 VA,KELUANG,DAWAS,2021-08-10 21:16:13.000,0.31640299750208159867,0.9,8,21,16,13.000000
175,R-1/TR -- 900 VA,KELUANG,DAWAS,2021-08-10 18:16:04.000,0.31637372802960221783,0.9,8,18,16,4.000000
175,R-1/TR -- 900 VA,KELUANG,DAWAS,2021-08-10 15:15:54.000,0.16987416728349370962,0.9,8,15,15,54.000000
175,R-1/TR -- 900 VA,KELUANG,DAWAS,2021-08-10 09:15:38.000,0.38989169675090253141,0.9,8,9,15,38.000000
175,R-1/TR -- 900 VA,KELUANG,DAWAS,2021-08-10 06:15:35.000,0.23554524361948955960,0.9,8,6,15,35.000000
175,R-1/TR -- 900 VA,KELUANG,DAWAS,2021-08-10 00:16:25.000,0.23336214347450302910,0.9,8,0,16,25.000000
24,R-1/TR -- 900 VA,KELUANG,SUMBER AGUNG,2021-08-16 21:06:06.000,0.50704225352112676062,0.9,8,21,6,6.000000
24,R-1/TR -- 900 VA,KELUANG,SUMBER AGUNG,2021-08-16 21:04:55.000,0.28270509977827050684,0.9,8,21,4,55.000000
24,R-1/TR -- 900 VA,KELUANG,SUMBER AGUNG,2021-08-16 18:04:31.000,0.11773584905660377358,0.9,8,18,4,31.000000
24,R-1/TR -- 900 VA,KELUANG,SUMBER AGUNG,2021-08-16 14:45:46.000,0.19652109548482605623,0.9,8,14,45,46.000000
24,R-1/TR -- 900 VA,KELUANG,SUMBER AGUNG,2021-08-16 11:45:38.000,0.17317298797409805607,0.9,8,11,45,38.000000
24,R-1/TR -- 900 VA,KELUANG,SUMBER AGUNG,2021-08-16 08:45:28.000,0.18984179850124895920,0.9,8,8,45,28.000000
24,R-1/TR -- 900 VA,KELUANG,SUMBER AGUNG,2021-08-16 05:45:19.000,0.18996482132938344470,0.9,8,5,45,19.000000
24,R-1/TR -- 900 VA,KELUANG,SUMBER AGUNG,2021-08-16 02:45:17.000,0.04721937704024110767,0.9,8,2,45,17.000000
175,R-1/TR -- 900 VA,KELUANG,DAWAS,2021-08-07 22:18:11.000,0.28309741881765195670,0.9,8,22,18,11.000000
175,R-1/TR -- 900 VA,KELUANG,DAWAS,2021-08-07 19:18:02.000,0.39296947271045328109,0.9,8,19,18,2.000000
175,R-1/TR -- 900 VA,KELUANG,DAWAS,2021-08-07 16:17:52.000,0.16985845129059117402,0.9,8,16,17,52.000000
175,R-1/TR -- 900 VA,KELUANG,DAWAS,2021-08-07 13:17:43.000,0.16984273820536540115,0.9,8,13,17,43.000000
175,R-1/TR -- 900 VA,KELUANG,DAWAS,2021-08-07 10:17:33.000,0.32306411323896752706,0.9,8,10,17,33.000000
175,R-1/TR -- 900 VA,KELUANG,DAWAS,2021-08-07 07:17:24.000,0.28973172987974097843,0.9,8,7,17,24.000000
175,R-1/TR -- 900 VA,KELUANG,DAWAS,2021-08-07 04:17:14.000,0.21648626144879267277,0.9,8,4,17,14.000000
175,R-1/TR -- 900 VA,KELUANG,DAWAS,2021-08-07 01:17:05.000,0.22314737718567860117,0.9,8,1,17,5.000000
2250,R-1/TR -- 900 VA,KELUANG,SUMBER AGUNG,2021-08-23 22:59:37.000,0.08991674375578168296,0.9,8,22,59,37.000000
2250,R-1/TR -- 900 VA,KELUANG,SUMBER AGUNG,2021-08-23 19:59:27.000,0.13322231473771856786,0.9,8,19,59,27.000000
2250,R-1/TR -- 900 VA,KELUANG,SUMBER AGUNG,2021-08-23 16:59:18.000,0.21315570358034970858,0.9,8,16,59,18.000000
2250,R-1/TR -- 900 VA,KELUANG,SUMBER AGUNG,2021-08-23 13:59:09.000,0.26644462947543713572,0.9,8,13,59,9.000000
2250,R-1/TR -- 900 VA,KELUANG,SUMBER AGUNG,2021-08-23 10:59:00.000,0.10758502917318913010,0.9,8,10,59,0.000000
2250,R-1/TR -- 900 VA,KELUANG,SUMBER AGUNG,2021-08-23 07:58:51.000,0.05328892589508742714,0.9,8,7,58,51.000000
2250,R-1/TR -- 900 VA,KELUANG,SUMBER AGUNG,2021-08-23 04:58:42.000,0.03332716163673393767,0.9,8,4,58,42.000000
2250,R-1/TR -- 900 VA,KELUANG,SUMBER AGUNG,2021-08-23 01:58:40.000,0.03328710124826629644,0.9,8,1,58,40.000000
24,R-1/TR -- 900 VA,KELUANG,SUMBER AGUNG,2021-08-06 21:08:52.000,0.30305272895467159813,0.9,8,21,8,52.000000
24,R-1/TR -- 900 VA,KELUANG,SUMBER AGUNG,2021-08-06 18:08:42.000,0.27976686094920899251,0.9,8,18,8,42.000000
24,R-1/TR -- 900 VA,KELUANG,SUMBER AGUNG,2021-08-06 15:08:33.000,0.15652173913043478145,0.9,8,15,8,33.000000
24,R-1/TR -- 900 VA,KELUANG,SUMBER AGUNG,2021-08-06 12:08:23.000,0.13324696955676876296,0.9,8,12,8,23.000000
24,R-1/TR -- 900 VA,KELUANG,SUMBER AGUNG,2021-08-06 09:08:16.000,0.16327286190299888990,0.9,8,9,8,16.000000
24,R-1/TR -- 900 VA,KELUANG,SUMBER AGUNG,2021-08-06 06:08:12.000,0.18978912319644838962,0.9,8,6,8,12.000000
24,R-1/TR -- 900 VA,KELUANG,SUMBER AGUNG,2021-08-06 00:07:48.000,0.21034332898739678401,0.9,8,0,7,48.000000
24,R-1/TR -- 900 VA,KELUANG,SUMBER AGUNG,2021-08-17 21:42:05.000,0.27976686094920899251,0.9,8,21,42,5.000000
24,R-1/TR -- 900 VA,KELUANG,SUMBER AGUNG,2021-08-17 18:41:56.000,0.19648473635522664054,0.9,8,18,41,56.000000
24,R-1/TR -- 900 VA,KELUANG,SUMBER AGUNG,2021-08-17 15:41:46.000,0.22314737718567860117,0.9,8,15,41,46.000000
24,R-1/TR -- 900 VA,KELUANG,SUMBER AGUNG,2021-08-17 12:41:37.000,0.16651248843663274622,0.9,8,12,41,37.000000
24,R-1/TR -- 900 VA,KELUANG,SUMBER AGUNG,2021-08-17 09:41:27.000,0.17195685670261941236,0.9,8,9,41,27.000000
24,R-1/TR -- 900 VA,KELUANG,SUMBER AGUNG,2021-08-17 06:05:07.000,0.15321983715766099299,0.9,8,6,5,7.000000
24,R-1/TR -- 900 VA,KELUANG,SUMBER AGUNG,2021-08-17 03:04:59.000,0.15986677768526228143,0.9,8,3,4,59.000000
24,R-1/TR -- 900 VA,KELUANG,SUMBER AGUNG,2021-08-17 00:04:50.000,0.16449086161879895500,0.9,8,0,4,50.000000
175,R-1/TR -- 900 VA,KELUANG,DAWAS,2021-08-28 21:57:58.000,0.40011114198388440789,0.9,8,21,57,58.000000
175,R-1/TR -- 900 VA,KELUANG,DAWAS,2021-08-28 18:58:01.000,0.23285899094437257525,0.9,8,18,58,1.000000
175,R-1/TR -- 900 VA,KELUANG,DAWAS,2021-08-28 15:57:39.000,0.16424581005586592362,0.9,8,15,57,39.000000
175,R-1/TR -- 900 VA,KELUANG,DAWAS,2021-08-28 12:58:39.000,0.17047560222359480740,0.9,8,12,58,39.000000
175,R-1/TR -- 900 VA,KELUANG,DAWAS,2021-08-28 11:37:42.000,0.23313905079100749376,0.9,8,11,37,42.000000
175,R-1/TR -- 900 VA,KELUANG,DAWAS,2021-08-28 08:37:33.000,0.32303422756706752767,0.9,8,8,37,33.000000
175,R-1/TR -- 900 VA,KELUANG,DAWAS,2021-08-28 05:37:23.000,0.22649888971132494616,0.9,8,5,37,23.000000
175,R-1/TR -- 900 VA,KELUANG,DAWAS,2021-08-28 02:37:15.000,0.22310609564332623849,0.9,8,2,37,15.000000
2250,R-1/TR -- 900 VA,KELUANG,SUMBER AGUNG,2021-08-31 22:42:34.000,0.04355514192647743169,0.9,8,22,42,34.000000
2250,R-1/TR -- 900 VA,KELUANG,SUMBER AGUNG,2021-08-31 19:42:17.000,0.13445157908530991989,0.9,8,19,42,17.000000
2250,R-1/TR -- 900 VA,KELUANG,SUMBER AGUNG,2021-08-31 11:13:33.000,0.14980580728685037858,0.9,8,11,13,33.000000
2250,R-1/TR -- 900 VA,KELUANG,SUMBER AGUNG,2021-08-31 08:13:19.000,0.10656799259944495758,0.9,8,8,13,19.000000
2250,R-1/TR -- 900 VA,KELUANG,SUMBER AGUNG,2021-08-31 05:13:09.000,0.08659450457951706911,0.9,8,5,13,9.000000
2250,R-1/TR -- 900 VA,KELUANG,SUMBER AGUNG,2021-08-31 02:13:00.000,0.09657724329324699281,0.9,8,2,13,0.000000
24,R-1/TR -- 900 VA,KELUANG,SUMBER AGUNG,2021-08-21 22:34:43.000,0.25312239800166527893,0.9,8,22,34,43.000000
24,R-1/TR -- 900 VA,KELUANG,SUMBER AGUNG,2021-08-21 19:34:34.000,0.32969472710453283752,0.9,8,19,34,34.000000
24,R-1/TR -- 900 VA,KELUANG,SUMBER AGUNG,2021-08-21 16:34:24.000,0.33971690258118234804,0.9,8,16,34,24.000000
24,R-1/TR -- 900 VA,KELUANG,SUMBER AGUNG,2021-08-21 13:34:15.000,0.11660188784008883824,0.9,8,13,34,15.000000
24,R-1/TR -- 900 VA,KELUANG,SUMBER AGUNG,2021-08-21 10:34:09.000,0.18813300652083429647,0.9,8,10,34,9.000000
24,R-1/TR -- 900 VA,KELUANG,SUMBER AGUNG,2021-08-21 04:33:46.000,0.09991673605328892590,0.9,8,4,33,46.000000
24,R-1/TR -- 900 VA,KELUANG,SUMBER AGUNG,2021-08-21 01:33:37.000,0.13987049028677150683,0.9,8,1,33,37.000000
2250,R-1/TR -- 900 VA,KELUANG,SUMBER AGUNG,2021-08-08 23:53:32.000,0.11999999999999999863,0.9,8,23,53,32.000000
2250,R-1/TR -- 900 VA,KELUANG,SUMBER AGUNG,2021-08-08 20:55:06.000,0.04132561389498901943,0.9,8,20,55,6.000000
2250,R-1/TR -- 900 VA,KELUANG,SUMBER AGUNG,2021-08-08 15:21:10.000,0.15988156920799407964,0.9,8,15,21,10.000000
2250,R-1/TR -- 900 VA,KELUANG,SUMBER AGUNG,2021-08-08 12:21:02.000,0.10330463760066648268,0.9,8,12,21,2.000000
2250,R-1/TR -- 900 VA,KELUANG,SUMBER AGUNG,2021-08-08 09:20:59.000,0.20886437131443788916,0.9,8,9,20,59.000000
2250,R-1/TR -- 900 VA,KELUANG,SUMBER AGUNG,2021-08-08 06:25:45.000,0.12644438788495800561,0.9,8,6,25,45.000000
2250,R-1/TR -- 900 VA,KELUANG,SUMBER AGUNG,2021-08-08 00:58:20.000,0.12413793103448275862,0.9,8,0,58,20.000000
2250,R-1/TR -- 900 VA,KELUANG,SUMBER AGUNG,2021-08-08 00:10:00.000,0.12672533580361278417,0.9,8,0,10,0.000000
2250,R-1/TR -- 900 VA,KELUANG,SUMBER AGUNG,2021-08-21 22:30:36.000,0.04330927262631871135,0.9,8,22,30,36.000000
2250,R-1/TR -- 900 VA,KELUANG,SUMBER AGUNG,2021-08-21 19:30:30.000,0.10320910015721816370,0.9,8,19,30,30.000000
2250,R-1/TR -- 900 VA,KELUANG,SUMBER AGUNG,2021-08-21 16:30:17.000,0.20653280281299158259,0.9,8,16,30,17.000000
2250,R-1/TR -- 900 VA,KELUANG,SUMBER AGUNG,2021-08-21 13:30:10.000,0.20310765815760266596,0.9,8,13,30,10.000000
2250,R-1/TR -- 900 VA,KELUANG,SUMBER AGUNG,2021-08-21 10:29:58.000,0.09991673605328892590,0.9,8,10,29,58.000000
2250,R-1/TR -- 900 VA,KELUANG,SUMBER AGUNG,2021-08-21 04:29:40.000,0.02331606217616580328,0.9,8,4,29,40.000000
2250,R-1/TR -- 900 VA,KELUANG,SUMBER AGUNG,2021-08-21 01:29:32.000,0.02664939391135375259,0.9,8,1,29,32.000000
175,R-1/TR -- 900 VA,KELUANG,DAWAS,2021-08-22 23:07:09.000,0.25659539016939739246,0.9,8,23,7,9.000000
175,R-1/TR -- 900 VA,KELUANG,DAWAS,2021-08-22 20:07:06.000,0.35281065088757396972,0.9,8,20,7,6.000000
175,R-1/TR -- 900 VA,KELUANG,DAWAS,2021-08-22 17:06:50.000,0.29639222941720628828,0.9,8,17,6,50.000000
175,R-1/TR -- 900 VA,KELUANG,DAWAS,2021-08-22 14:06:40.000,0.20316402997502081599,0.9,8,14,6,40.000000
175,R-1/TR -- 900 VA,KELUANG,DAWAS,2021-08-22 11:06:31.000,0.30305272895467159813,0.9,8,11,6,31.000000
175,R-1/TR -- 900 VA,KELUANG,DAWAS,2021-08-22 08:06:21.000,0.42298084929225645296,0.9,8,8,6,21.000000
175,R-1/TR -- 900 VA,KELUANG,DAWAS,2021-08-22 05:06:12.000,0.17650323774283071100,0.9,8,5,6,12.000000
175,R-1/TR -- 900 VA,KELUANG,DAWAS,2021-08-22 02:06:02.000,0.17985012489592006661,0.9,8,2,6,2.000000
2250,R-1/TR -- 900 VA,KELUANG,SUMBER AGUNG,2021-08-02 21:23:33.000,0.13322231473771856786,0.9,8,21,23,33.000000
2250,R-1/TR -- 900 VA,KELUANG,SUMBER AGUNG,2021-08-02 18:23:24.000,0.21315570358034970858,0.9,8,18,23,24.000000
2250,R-1/TR -- 900 VA,KELUANG,SUMBER AGUNG,2021-08-02 15:23:15.000,0.11156852768398168237,0.9,8,15,23,15.000000
2250,R-1/TR -- 900 VA,KELUANG,SUMBER AGUNG,2021-08-02 09:22:56.000,0.17318900915903413822,0.9,8,9,22,56.000000
2250,R-1/TR -- 900 VA,KELUANG,SUMBER AGUNG,2021-08-02 06:22:47.000,0.07326549491211840834,0.9,8,6,22,47.000000
2250,R-1/TR -- 900 VA,KELUANG,SUMBER AGUNG,2021-08-02 03:22:37.000,0.03664630760688506345,0.9,8,3,22,37.000000
2250,R-1/TR -- 900 VA,KELUANG,SUMBER AGUNG,2021-08-02 00:22:31.000,0.05661424606845513372,0.9,8,0,22,31.000000
175,R-1/TR -- 900 VA,KELUANG,DAWAS,2021-08-21 23:05:53.000,0.22978723404255318979,0.9,8,23,5,53.000000
175,R-1/TR -- 900 VA,KELUANG,DAWAS,2021-08-21 20:05:43.000,0.30641132389675270608,0.9,8,20,5,43.000000
175,R-1/TR -- 900 VA,KELUANG,DAWAS,2021-08-21 17:05:34.000,0.19983347210657785179,0.9,8,17,5,34.000000
175,R-1/TR -- 900 VA,KELUANG,DAWAS,2021-08-21 14:05:25.000,0.21646623496762257009,0.9,8,14,5,25.000000
175,R-1/TR -- 900 VA,KELUANG,DAWAS,2021-08-21 11:05:15.000,0.38133123641241500391,0.9,8,11,5,15.000000
175,R-1/TR -- 900 VA,KELUANG,DAWAS,2021-08-21 05:04:56.000,0.17651956702747710241,0.9,8,5,4,56.000000
175,R-1/TR -- 900 VA,KELUANG,DAWAS,2021-08-21 02:04:47.000,0.18982423681776133070,0.9,8,2,4,47.000000
24,R-1/TR -- 900 VA,KELUANG,SUMBER AGUNG,2021-08-18 21:43:19.000,0.18982423681776133070,0.9,8,21,43,19.000000
24,R-1/TR -- 900 VA,KELUANG,SUMBER AGUNG,2021-08-18 18:43:09.000,0.16985845129059117402,0.9,8,18,43,9.000000
24,R-1/TR -- 900 VA,KELUANG,SUMBER AGUNG,2021-08-18 15:43:00.000,0.14657166651244563926,0.9,8,15,43,0.000000
24,R-1/TR -- 900 VA,KELUANG,SUMBER AGUNG,2021-08-18 12:42:53.000,0.17317298797409805607,0.9,8,12,42,53.000000
24,R-1/TR -- 900 VA,KELUANG,SUMBER AGUNG,2021-08-18 09:42:43.000,0.12323064113238967527,0.9,8,9,42,43.000000
24,R-1/TR -- 900 VA,KELUANG,SUMBER AGUNG,2021-08-18 06:42:34.000,0.22991484635320251844,0.9,8,6,42,34.000000
24,R-1/TR -- 900 VA,KELUANG,SUMBER AGUNG,2021-08-18 03:42:30.000,0.19307489649981181929,0.9,8,3,42,30.000000
24,R-1/TR -- 900 VA,KELUANG,SUMBER AGUNG,2021-08-18 00:42:15.000,0.16651248843663274622,0.9,8,0,42,15.000000
2250,R-1/TR -- 900 VA,KELUANG,SUMBER AGUNG,2021-08-24 23:05:09.000,0.11385199240986717144,0.9,8,23,5,9.000000
2250,R-1/TR -- 900 VA,KELUANG,SUMBER AGUNG,2021-08-24 20:00:42.000,0.10990840965861781848,0.9,8,20,0,42.000000
2250,R-1/TR -- 900 VA,KELUANG,SUMBER AGUNG,2021-08-24 17:00:33.000,0.08991674375578168296,0.9,8,17,0,33.000000
2250,R-1/TR -- 900 VA,KELUANG,SUMBER AGUNG,2021-08-24 14:00:23.000,0.11656952539550374688,0.9,8,14,0,23.000000
2250,R-1/TR -- 900 VA,KELUANG,SUMBER AGUNG,2021-08-24 11:00:14.000,0.17983348751156336592,0.9,8,11,0,14.000000
2250,R-1/TR -- 900 VA,KELUANG,SUMBER AGUNG,2021-08-24 08:00:04.000,0.09658617818484596170,0.9,8,8,0,4.000000
2250,R-1/TR -- 900 VA,KELUANG,SUMBER AGUNG,2021-08-24 04:59:55.000,0.08992506244796003331,0.9,8,4,59,55.000000
2250,R-1/TR -- 900 VA,KELUANG,SUMBER AGUNG,2021-08-24 01:59:46.000,0.08992506244796003331,0.9,8,1,59,46.000000
2250,R-1/TR -- 900 VA,KELUANG,SUMBER AGUNG,2021-08-03 22:40:05.000,0.06994171523730224813,0.9,8,22,40,5.000000
2250,R-1/TR -- 900 VA,KELUANG,SUMBER AGUNG,2021-08-03 19:39:56.000,0.06661732050333086652,0.9,8,19,39,56.000000
2250,R-1/TR -- 900 VA,KELUANG,SUMBER AGUNG,2021-08-03 16:39:48.000,0.08331790409183484416,0.9,8,16,39,48.000000
2250,R-1/TR -- 900 VA,KELUANG,SUMBER AGUNG,2021-08-03 13:39:46.000,0.21299805861144494934,0.9,8,13,39,46.000000
2250,R-1/TR -- 900 VA,KELUANG,SUMBER AGUNG,2021-08-03 10:39:29.000,0.16809605488850771870,0.9,8,10,39,29.000000
2250,R-1/TR -- 900 VA,KELUANG,SUMBER AGUNG,2021-08-03 07:44:35.000,0.11170872983036822322,0.9,8,7,44,35.000000
2250,R-1/TR -- 900 VA,KELUANG,SUMBER AGUNG,2021-08-03 06:24:01.000,0.12989175686927560366,0.9,8,6,24,1.000000
2250,R-1/TR -- 900 VA,KELUANG,SUMBER AGUNG,2021-08-03 03:23:52.000,0.12321924144310823221,0.9,8,3,23,52.000000
2250,R-1/TR -- 900 VA,KELUANG,SUMBER AGUNG,2021-08-03 00:23:42.000,0.13655287260616153206,0.9,8,0,23,42.000000
175,R-1/TR -- 900 VA,KELUANG,DAWAS,2021-08-25 23:10:55.000,0.26311407160699417152,0.9,8,23,10,55.000000
175,R-1/TR -- 900 VA,KELUANG,DAWAS,2021-08-25 20:10:46.000,0.30638297872340425305,0.9,8,20,10,46.000000
175,R-1/TR -- 900 VA,KELUANG,DAWAS,2021-08-25 17:10:36.000,0.28975853455453788510,0.9,8,17,10,36.000000
175,R-1/TR -- 900 VA,KELUANG,DAWAS,2021-08-25 14:10:27.000,0.15319148936170212653,0.9,8,14,10,27.000000
175,R-1/TR -- 900 VA,KELUANG,DAWAS,2021-08-25 11:10:17.000,0.26977518734388009992,0.9,8,11,10,17.000000
175,R-1/TR -- 900 VA,KELUANG,DAWAS,2021-08-25 08:10:08.000,0.24979184013322231474,0.9,8,8,10,8.000000
175,R-1/TR -- 900 VA,KELUANG,DAWAS,2021-08-25 05:09:59.000,0.17650323774283071100,0.9,8,5,9,59.000000
175,R-1/TR -- 900 VA,KELUANG,DAWAS,2021-08-25 02:09:49.000,0.18318068276436303081,0.9,8,2,9,49.000000
24,R-1/TR -- 900 VA,KELUANG,SUMBER AGUNG,2021-08-11 22:59:05.000,0.09663982227159122573,0.9,8,22,59,5.000000
24,R-1/TR -- 900 VA,KELUANG,SUMBER AGUNG,2021-08-11 19:59:02.000,0.19996296982040362600,0.9,8,19,59,2.000000
24,R-1/TR -- 900 VA,KELUANG,SUMBER AGUNG,2021-08-11 16:59:00.000,0.22247706422018348624,0.9,8,16,59,0.000000
24,R-1/TR -- 900 VA,KELUANG,SUMBER AGUNG,2021-08-11 12:37:24.000,0.22312673450508787994,0.9,8,12,37,24.000000
24,R-1/TR -- 900 VA,KELUANG,SUMBER AGUNG,2021-08-11 09:37:14.000,0.25130305286671631052,0.9,8,9,37,14.000000
24,R-1/TR -- 900 VA,KELUANG,SUMBER AGUNG,2021-08-11 06:37:05.000,0.12830363341819023350,0.9,8,6,37,5.000000
24,R-1/TR -- 900 VA,KELUANG,SUMBER AGUNG,2021-08-11 00:37:00.000,0.09892507880061424101,0.9,8,0,37,0.000000
175,R-1/TR -- 900 VA,KELUANG,DAWAS,2021-08-24 23:09:40.000,0.21646623496762257009,0.9,8,23,9,40.000000
175,R-1/TR -- 900 VA,KELUANG,DAWAS,2021-08-24 20:09:30.000,0.30476014248045519843,0.9,8,20,9,30.000000
175,R-1/TR -- 900 VA,KELUANG,DAWAS,2021-08-24 14:09:13.000,0.15986677768526228143,0.9,8,14,9,13.000000
175,R-1/TR -- 900 VA,KELUANG,DAWAS,2021-08-24 11:09:04.000,0.24308574599944500611,0.9,8,11,9,4.000000
175,R-1/TR -- 900 VA,KELUANG,DAWAS,2021-08-24 08:08:53.000,0.24643848288621646441,0.9,8,8,8,53.000000
175,R-1/TR -- 900 VA,KELUANG,DAWAS,2021-08-24 05:08:43.000,0.18318068276436303081,0.9,8,5,8,43.000000
175,R-1/TR -- 900 VA,KELUANG,DAWAS,2021-08-24 02:08:34.000,0.17650323774283071100,0.9,8,2,8,34.000000
24,R-1/TR -- 900 VA,KELUANG,SUMBER AGUNG,2021-08-13 22:02:43.000,0.18649398704902867577,0.9,8,22,2,43.000000
24,R-1/TR -- 900 VA,KELUANG,SUMBER AGUNG,2021-08-13 19:02:33.000,0.22314737718567860117,0.9,8,19,2,33.000000
24,R-1/TR -- 900 VA,KELUANG,SUMBER AGUNG,2021-08-13 16:02:24.000,0.25980754996299037942,0.9,8,16,2,24.000000
24,R-1/TR -- 900 VA,KELUANG,SUMBER AGUNG,2021-08-13 13:02:16.000,0.17661760622049430910,0.9,8,13,2,16.000000
24,R-1/TR -- 900 VA,KELUANG,SUMBER AGUNG,2021-08-13 10:02:13.000,0.21194280908326324643,0.9,8,10,2,13.000000
24,R-1/TR -- 900 VA,KELUANG,SUMBER AGUNG,2021-08-13 07:03:52.000,0.41379310344827586201,0.9,8,7,3,52.000000
24,R-1/TR -- 900 VA,KELUANG,SUMBER AGUNG,2021-08-13 07:02:25.000,0.20762675389515365699,0.9,8,7,2,25.000000
24,R-1/TR -- 900 VA,KELUANG,SUMBER AGUNG,2021-08-13 03:48:48.000,0.18987693161839548722,0.9,8,3,48,48.000000
24,R-1/TR -- 900 VA,KELUANG,SUMBER AGUNG,2021-08-13 00:48:41.000,0.19315448658649398562,0.9,8,0,48,41.000000
2250,R-1/TR -- 900 VA,KELUANG,SUMBER AGUNG,2021-08-30 23:12:50.000,0.07327905255366395317,0.9,8,23,12,50.000000
2250,R-1/TR -- 900 VA,KELUANG,SUMBER AGUNG,2021-08-30 20:12:42.000,0.05224963715529753266,0.9,8,20,12,42.000000
2250,R-1/TR -- 900 VA,KELUANG,SUMBER AGUNG,2021-08-30 17:12:32.000,0.00999629766753054428,0.9,8,17,12,32.000000
2250,R-1/TR -- 900 VA,KELUANG,SUMBER AGUNG,2021-08-30 14:12:28.000,0.11424304648123950015,0.9,8,14,12,28.000000
2250,R-1/TR -- 900 VA,KELUANG,SUMBER AGUNG,2021-08-30 11:13:54.000,0.35999999999999999997,0.9,8,11,13,54.000000
2250,R-1/TR -- 900 VA,KELUANG,SUMBER AGUNG,2021-08-30 11:12:14.000,0.08992506244796003331,0.9,8,11,12,14.000000
2250,R-1/TR -- 900 VA,KELUANG,SUMBER AGUNG,2021-08-30 08:12:05.000,0.18316373728029602085,0.9,8,8,12,5.000000
2250,R-1/TR -- 900 VA,KELUANG,SUMBER AGUNG,2021-08-30 05:11:55.000,0.15653621981681931724,0.9,8,5,11,55.000000
2250,R-1/TR -- 900 VA,KELUANG,SUMBER AGUNG,2021-08-30 02:11:46.000,0.15653621981681931724,0.9,8,2,11,46.000000
175,R-1/TR -- 900 VA,KELUANG,DAWAS,2021-08-05 22:15:43.000,0.30322102924842650982,0.9,8,22,15,43.000000
175,R-1/TR -- 900 VA,KELUANG,DAWAS,2021-08-05 19:15:39.000,0.42603550295857988796,0.9,8,19,15,39.000000
175,R-1/TR -- 900 VA,KELUANG,DAWAS,2021-08-05 16:15:23.000,0.13019891500904159152,0.9,8,16,15,23.000000
175,R-1/TR -- 900 VA,KELUANG,DAWAS,2021-08-05 09:11:25.000,0.21313598519888991517,0.9,8,9,11,25.000000
175,R-1/TR -- 900 VA,KELUANG,DAWAS,2021-08-05 06:11:15.000,0.22647793505412156536,0.9,8,6,11,15.000000
175,R-1/TR -- 900 VA,KELUANG,DAWAS,2021-08-05 03:11:06.000,0.22312673450508787994,0.9,8,3,11,6.000000
175,R-1/TR -- 900 VA,KELUANG,DAWAS,2021-08-05 00:10:56.000,0.24313072439633638634,0.9,8,0,10,56.000000
175,R-1/TR -- 900 VA,KELUANG,DAWAS,2021-08-13 21:30:25.000,0.31640299750208159867,0.9,8,21,30,25.000000
175,R-1/TR -- 900 VA,KELUANG,DAWAS,2021-08-13 18:30:16.000,0.37298797409805735154,0.9,8,18,30,16.000000
175,R-1/TR -- 900 VA,KELUANG,DAWAS,2021-08-13 15:30:06.000,0.18984179850124895920,0.9,8,15,30,6.000000
175,R-1/TR -- 900 VA,KELUANG,DAWAS,2021-08-13 12:29:57.000,0.16984273820536540115,0.9,8,12,29,57.000000
175,R-1/TR -- 900 VA,KELUANG,DAWAS,2021-08-13 09:29:47.000,0.32639467110741049126,0.9,8,9,29,47.000000
175,R-1/TR -- 900 VA,KELUANG,DAWAS,2021-08-13 06:29:38.000,0.20980573543015726024,0.9,8,6,29,38.000000
175,R-1/TR -- 900 VA,KELUANG,DAWAS,2021-08-13 03:29:28.000,0.17985012489592006661,0.9,8,3,29,28.000000
175,R-1/TR -- 900 VA,KELUANG,DAWAS,2021-08-13 00:29:19.000,0.17983348751156336592,0.9,8,0,29,19.000000
175,R-1/TR -- 900 VA,KELUANG,DAWAS,2021-08-30 22:00:26.000,0.37635303913405495420,0.9,8,22,0,26.000000
175,R-1/TR -- 900 VA,KELUANG,DAWAS,2021-08-30 19:00:17.000,0.29306197964847363335,0.9,8,19,0,17.000000
175,R-1/TR -- 900 VA,KELUANG,DAWAS,2021-08-30 16:00:07.000,0.16652789342214820983,0.9,8,16,0,7.000000
175,R-1/TR -- 900 VA,KELUANG,DAWAS,2021-08-30 12:59:58.000,0.19981498612395929547,0.9,8,12,59,58.000000
175,R-1/TR -- 900 VA,KELUANG,DAWAS,2021-08-30 09:59:48.000,0.36969192339716902581,0.9,8,9,59,48.000000
175,R-1/TR -- 900 VA,KELUANG,DAWAS,2021-08-30 06:59:39.000,0.27310574521232306411,0.9,8,6,59,39.000000
175,R-1/TR -- 900 VA,KELUANG,DAWAS,2021-08-30 03:59:30.000,0.17983348751156336592,0.9,8,3,59,30.000000
175,R-1/TR -- 900 VA,KELUANG,DAWAS,2021-08-30 00:59:20.000,0.19317235636969192340,0.9,8,0,59,20.000000
175,R-1/TR -- 900 VA,KELUANG,DAWAS,2021-08-11 21:27:56.000,0.27664105175446717692,0.9,8,21,27,56.000000
175,R-1/TR -- 900 VA,KELUANG,DAWAS,2021-08-11 18:27:55.000,0.29785256112298967671,0.9,8,18,27,55.000000
175,R-1/TR -- 900 VA,KELUANG,DAWAS,2021-08-11 15:27:37.000,0.26573088092933204324,0.9,8,15,27,37.000000
175,R-1/TR -- 900 VA,KELUANG,DAWAS,2021-08-11 06:16:41.000,0.24322073114298935588,0.9,8,6,16,41.000000
175,R-1/TR -- 900 VA,KELUANG,DAWAS,2021-08-11 03:16:36.000,0.22637321990012946097,0.9,8,3,16,36.000000
175,R-1/TR -- 900 VA,KELUANG,DAWAS,2021-08-11 00:16:22.000,0.23646960865945045795,0.9,8,0,16,22.000000
175,R-1/TR -- 900 VA,KELUANG,DAWAS,2021-08-18 22:28:51.000,0.27643630308076602831,0.9,8,22,28,51.000000
175,R-1/TR -- 900 VA,KELUANG,DAWAS,2021-08-18 19:28:42.000,0.32636447733580018260,0.9,8,19,28,42.000000
175,R-1/TR -- 900 VA,KELUANG,DAWAS,2021-08-18 16:28:32.000,0.18318068276436303081,0.9,8,16,28,32.000000
175,R-1/TR -- 900 VA,KELUANG,DAWAS,2021-08-18 13:28:23.000,0.17658491439148542276,0.9,8,13,28,23.000000
175,R-1/TR -- 900 VA,KELUANG,DAWAS,2021-08-18 10:28:18.000,0.37617902718697983956,0.9,8,10,28,18.000000
175,R-1/TR -- 900 VA,KELUANG,DAWAS,2021-08-18 07:28:04.000,0.27310574521232306411,0.9,8,7,28,4.000000
175,R-1/TR -- 900 VA,KELUANG,DAWAS,2021-08-18 04:27:55.000,0.22312673450508787994,0.9,8,4,27,55.000000
175,R-1/TR -- 900 VA,KELUANG,DAWAS,2021-08-18 01:27:45.000,0.22985102248542611611,0.9,8,1,27,45.000000
175,R-1/TR -- 900 VA,KELUANG,DAWAS,2021-08-02 21:08:15.000,0.26644462947543713572,0.9,8,21,8,15.000000
175,R-1/TR -- 900 VA,KELUANG,DAWAS,2021-08-02 18:08:06.000,0.25975948196114708411,0.9,8,18,8,6.000000
175,R-1/TR -- 900 VA,KELUANG,DAWAS,2021-08-02 15:07:56.000,0.23146306489661871416,0.9,8,15,7,56.000000
175,R-1/TR -- 900 VA,KELUANG,DAWAS,2021-08-02 09:07:37.000,0.31973355537052456286,0.9,8,9,7,37.000000
175,R-1/TR -- 900 VA,KELUANG,DAWAS,2021-08-02 06:07:28.000,0.19981498612395929547,0.9,8,6,7,28.000000
175,R-1/TR -- 900 VA,KELUANG,DAWAS,2021-08-02 03:07:18.000,0.18651124063280599500,0.9,8,3,7,18.000000
175,R-1/TR -- 900 VA,KELUANG,DAWAS,2021-08-02 00:07:09.000,0.19317235636969192340,0.9,8,0,7,9.000000
